Business Analyst,134
Research Assistant II,120
Human Resources Analyst II,118
Research Assistant I,104
Account Executive,96
Data Visualization Specialist,91
Software Engineer I,74
Senior Developer,71
Human Resources Analyst,70
Data Coordiator,66
Staff Accountant I,66
Software Consultant,65
Tax Accountant,65
Desktop Support Technician,64
Analyst Programmer,63
Service Tech,63
Project Manager,62
Help Desk Technician,60
Systems Administrator I,58
Business Systems Development Analyst,57
Service Coordinator,56
Service Tech III,56
Service Manager,54
Senior Cost Accountant,54
Cost Accountant,53
Customer Success Manager,53
Service Tech II,51
Structural Engineer,46
Junior Trainer,43
Solutions Engineer Manager,42
Pre-Sales Consultant,41
Relationshiop Manager,40
Budget/Accounting Analyst IV,40
Operator,40
Recruiter,39
Administrative Assistant I,38
Research Associate,37
Trainer III,36
HR Manager,35
Solutions Engineer,35
Assistant Trainer,34
Senior Quality Engineer,34
Budget/Accounting Analyst I,33
Senior Trainer,29
Senior Recruiter,29
Quality Control Specialist,29
Training Manager,28
Budget/Accounting Analyst III,28
Budget/Accounting Analyst II,27
Trainer II,26
Accounting Assistant IV,23
Systems Administrator IV,22
Account Manager,21
Developer III,20
Trainer I,20
Support Staff,20
Software Test Engineer III,19
Editor,19
Help Desk Operator,19
Database Administrator II,19
Media Manager I,18
Software Engineer IV,18
Senior Editor,18
Staff Accountant IV,18
Accountant II,18
Database Administrator I,18
Software Test Engineer I,17
Computer Systems Analyst II,17
Software Engineer III,17
Web Developer I,17
Computer Systems Analyst I,17
Financial Analyst,17
Accountant IV,16
Software Test Engineer II,16
Computer Systems Analyst IV,16
Web Developer III,16
Computer Systems Analyst III,15
Chief Design Engineer,15
Paralegal,15
Database Administrator III,14
Developer IV,14
Staff Accountant III,14
Programmer I,14
Accountant I,14
Programmer Analyst II,13
Accounting Assistant I,13
Developer II,13
Programmer III,13
Support Staff II,13
Administrative Officer,13
Programmer Analyst III,12
Internal Auditor,12
Staff Accountant II,12
VP Accounting,12
Product Engineer,12
Accountant III,12
Systems Administrator II,12
Programmer IV,12
Programmer Analyst I,12
Content Developer,11
General Manager,11
Software Test Engineer IV,11
Administrative Assistant,11
Design Engineer,10
Software Engineer II,10
Structural Analysis Engineer,10
Analog Circuit Design manager,10
Systems Administrator III,10
Senior Financial Analyst,10
Accounting Assistant II,9
Quality Engineer,9
VP Quality Control,9
Database Administrator IV,9
Research Assistant,9
Programmer II,9
Web Developer II,9
Content Developer III,9
Programmer Analyst IV,8
Developer I,8
Content Developer II,8
Administrative Assistant II,8
Web Developer IV,8
VP Product Management,8
Accounting Assistant III,8
Executive Assistant,8
Payment Adjustment Coordinator,7
Librarian,7
Mechanical Systems Engineer,7
Electrical Engineer,7
Web Designer I,7
Community Outreach Specialist,7
Actuary,6
Media Manager II,6
Human Resources Manager,5
Attorney,5
Human Resources Assistant I,5
Compensation Analyst,5
Senior Attorney,5
Staff Scientist,5
Automation Specialist I,5
Automation Specialist IV,4
VP Marketing,4
Assistant Manager,4
Research Assistant III,3
Web Designer III,3
Information Systems Manager,3
Support Staff III,3
Graphic Designer,3
Recruiting Manager,3
Legal Assistant,3
Automation Specialist III,2
Administrative Assistant IV,2
Engineer II,2
Engineer I,2
Sales Representative,2
Senior Sales Associate,2
Statistician II,2
Executive Secretary,2
Administrative Assistant III,2
Automation Specialist II,2
Human Resources Assistant IV,2
Statistician III,2
Sales Associate,2
Statistician IV,2
Statistician I,2
Office Assistant I,1
Web Designer II,1
Web Designer IV,1
Director of Sales,1
Office Assistant II,1
Human Resources Assistant III,1
Financial Advisor,1
